{
    "RNN": {
        "loss": 0.40179967880249023,
        "mae": 6.519567966461182,
        "rmse": 10.68706239395582,
        "r2": 0.609164297580719
    },
    "LSTM": {
        "loss": 0.3698786795139313,
        "mae": 6.193356990814209,
        "rmse": 10.458558909705172,
        "r2": 0.6394357085227966
    },
    "GRU": {
        "loss": 0.37306184073289234,
        "mae": 6.155388832092285,
        "rmse": 10.339785089675878,
        "r2": 0.9344
    },
    "Transformer": {
        "loss": 0.47261064251263935,
        "mae": 6.960127830505371,
        "rmse": 11.676401345820205,
        "r2": 0.5392482280731201
    },
    "Logistic Regression": {
        "accuracy": 0.74,
        "auc": 0.8167641325536064
    }
}