{
    "RNN": {
        "loss": 0.1081,
        "mae": 6.519567966461182,
        "rmse": 10.68706239395582,
        "r2": 0.8919
    },
    "LSTM": {
        "loss": 0.0978,
        "mae": 6.193356990814209,
        "rmse": 10.458558909705172,
        "r2": 0.9022
    },
    "GRU": {
        "loss": 0.0656,
        "mae": 6.155388832092285,
        "rmse": 10.339785089675878,
        "r2": 0.9344
    },
    "Transformer": {
        "loss": 0.2378,
        "mae": 6.960127830505371,
        "rmse": 11.676401345820205,
        "r2": 0.7622
    }
}