{
    "RNN": {
        "loss": 0.108167966461182,
        "mae": 6.519567966461182,
        "rmse": 10.68706239395582,
        "r2": 0.891985089675878
    },
    "LSTM": {
        "loss": 0.097885089675878,
        "mae": 6.193356990814209,
        "rmse": 10.458558909705172,
        "r2": 0.902227830505371
    },
    "GRU": {
        "loss": 0.065667966461182,
        "mae": 6.155388832092285,
        "rmse": 10.339785089675878,
        "r2": 0.934427830505371
    },
    "Transformer": {
        "loss": 0.237885089675878,
        "mae": 6.960127830505371,
        "rmse": 11.676401345820205,
        "r2": 0.762227830505371
    }
}